<?xml version="1.0" encoding="utf-8" ?>
<!--
 * FCKeditor - The text editor for Internet - http://www.fckeditor.net
 * Copyright (C) 2003-2008 Frederico Caldeira Knabben
 *
 * == BEGIN LICENSE ==
 *
 * Licensed under the terms of any of the following licenses at your
 * choice:
 *
 *  - GNU General Public License Version 2 or later (the "GPL")
 *    http://www.gnu.org/licenses/gpl.html
 *
 *  - GNU Lesser General Public License Version 2.1 or later (the "LGPL")
 *    http://www.gnu.org/licenses/lgpl.html
 *
 *  - Mozilla Public License Version 1.1 or later (the "MPL")
 *    http://www.mozilla.org/MPL/MPL-1.1.html
 *
 * == END LICENSE ==
 *
 * This is the sample templates definitions file. It makes the "templates"
 * command completely customizable.
 *
 * See FCKConfig.TemplatesXmlPath in the configuration file.
-->
<Templates imagesBasePath="fck_template/images/">
	<Template title="Image and Title" image="template1.gif">
		<Description>One main image with a title and text that surround the image.</Description>
		<Html>
			<![CDATA[
				<img style="MARGIN-RIGHT: 10px" height="100" alt="" width="100" align="left"/>
				<h3>Type the title here</h3>
				Type the text here
			]]>
		</Html>
	</Template>
	<Template title="News Letter Template" image="template2.gif">
		<Description>A News Letter template that defines two colums, each one with a title, and some text.</Description>
		<Html>
			<![CDATA[
				<table cellspacing="0" cellpadding="15" width="100%" border="0">
    <tbody>
        <tr>
            <td valign="middle" align="center" bgcolor="#ced9a7">
            <table cellspacing="2" cellpadding="0" width="600" bgcolor="#2b302d" border="0">
                <tbody>
                    <tr>
                        <td valign="top" align="left" bgcolor="#ffffff">
                        <table cellspacing="0" cellpadding="0" width="100%" border="0">
                            <tbody>
                                <tr>
                                    <td valign="middle" align="left" background="http://smartcms.in/images/header.gif" bgcolor="#164d65" height="110" style="padding-right: 10px; padding-left: 10px; color: #ffffff; font-family: Georgia, Times New Roman, Times, serif">
                                    <div style="font-size: 12px" align="right">January&nbsp;2010</div>
                                    <div style="font-size: 40px">Smart CMS - Newsletter</div>
                                    <div style="font-size: 18px"><em>simply edit everyday content</em></div>
                                    </td>
                                </tr>
                                <tr>
                                    <td valign="top" align="left">
                                    <table cellspacing="0" cellpadding="0" width="596" border="0">
                                        <tbody>
                                            <tr>
                                                <td valign="top" align="left" width="182" bgcolor="#d2e7e0" style="padding-right: 10px; padding-left: 10px; padding-bottom: 10px; padding-top: 10px">
                                                <div><span style="font-weight: bold; font-size: 15px; color: #006699; line-height: 150%; font-family: Verdana, Arial, Helvetica, sans-serif"><img alt="Nath" src="http://smartcms.in/images/nath.png" />&nbsp;</span></div>
                                                <div><span style="font-weight: bold; font-size: 15px; color: #006699; line-height: 150%; font-family: Verdana, Arial, Helvetica, sans-serif">Mr.Nath</span></div>
                                                <div>Asp.Net CMS Developer</div>
                                                <p>&nbsp;</p>
                                                <div><span style="font-weight: bold; font-size: 15px; color: #006699; line-height: 150%; font-family: Verdana, Arial, Helvetica, sans-serif">In This Issue</span><br />
                                                <span style="font-weight: normal; font-size: 11px; color: #333333; line-height: 150%; font-family: Verdana, Arial, Helvetica, sans-serif"><a style="color: #579b12" href="#1"><b>Newsletter Article 1</b> </a><br />
                                                <a style="color: #579b12" href="#2"><b>Newsletter Article 2</b> </a><a style="color: #579b12" href="#"><br />
                                                </a></span><br />
                                                <span style="font-weight: bold; font-size: 15px; color: #006699; line-height: 150%; font-family: Verdana, Arial, Helvetica, sans-serif">New Controls</span><br />
                                                <span style="font-weight: normal; font-size: 11px; color: #333333; line-height: 130%; font-family: Verdana, Arial, Helvetica, sans-serif">Lorem ipsum dolor sit amet con sectetuer adipiscing elit. Sed at erat. Pha sellus cond imentum. Nullam sed magna. Donec quis tellus in neque congue porttitor. </span><br />
                                                <br />
                                                <br />
                                                <span style="font-weight: bold; font-size: 15px; color: #006699; line-height: 150%; font-family: Verdana, Arial, Helvetica, sans-serif">Useful Links</span><br />
                                                <span style="font-weight: normal; font-size: 11px; color: #333333; line-height: 150%; font-family: Verdana, Arial, Helvetica, sans-serif"><a target="_blank" style="color: #579b12" href="http://www.nathworks.net/aboutus.aspx"><b>About Us</b></a><b><br />
                                                <a target="_blank" style="color: #579b12" href="http://www.nathworks.net/services.aspx">Our Services</a><br />
                                                <a target="_blank" style="color: #579b12" href="http://www.nathworks.net/cms-features.aspx">CMS Features</a><br />
                                                <a target="_blank" style="color: #579b12" href="http://www.nathworks.net/designs.aspx">Our Designsm</a></b></span></div>
                                                </td>
                                                <td valign="top" align="left" width="414" style="padding-right: 15px; padding-left: 15px; font-size: 11px; padding-bottom: 15px; color: #333333; line-height: 130%; padding-top: 15px; font-family: Verdana, Arial, Helvetica, sans-serif">
                                                <p><span style="font-weight: bold; font-size: 18px; color: #006699; line-height: 150%; font-family: Verdana, Arial, Helvetica, sans-serif">Hello and Welcome</span><br />
                                                <br />
                                                Dear customer name,<br />
                                                Lorem ipsum dolor sit amet consectetuer adipiscing elit. Donec dolor. Vestibulum cursus sapien vel rutrum ultrices tortor lorem vulputate turpis sed semper elit felis nec ligula. Mimas id ante. In commodo. Mimas bibendum viverra massa. Integer nulla urna porttitor eget aliquam vel placerat feugiat orci. Phasellus tellus pede pulvinar et scelerisque a tempor a velit.</p>
                                                <p><br />
                                                <span style="font-weight: bold; font-size: 18px; color: #006699; line-height: 150%; font-family: Verdana, Arial, Helvetica, sans-serif"><a name="1"></a>Newsletter Article 1 </span><br />
                                                Lorem ipsum dolor sit amet consectetuer adipiscing elit. Donec dolor. Vestibulum cursus sapien vel rutrum ultrices tortor lorem vulputate turpis sed semper felis nec ligula. Mimas id ante. In commodo. Mimas bibendum viverra massa. Integer nulla urna porttitor eget aliquam feugiat orci. Phasellus tellus pede pulvinar et scelerisque a tempor a velit. Morbi feugiat. Etiam ut elit ac metus facilisis fermentum. Curabitur magna magna elementum fermentum placerat vel commodo vel tortor. Sed justo. Ut a orci ut arcu molestie pretium. Donec a mauris. Nullam vitae urna. Integer suscipit <a style="color: #569b11" href="#"><b>read more&gt;</b></a> <b><br />
                                                </b><br />
                                                <br />
                                                <br />
                                                <br />
                                                &nbsp;</p>
                                                <p align="center"><a target="_blank" style="font-size: 16px; color: #579b12" href="http://nathworks.net"><b>Visit Our Web Site</b></a>&nbsp;<br />
                                                <br />
                                                <br />
                                                &nbsp;</p>
                                                </td>
                                            </tr>
                                        </tbody>
                                    </table>
                                    </td>
                                </tr>
                                <tr>
                                    <td valign="top" align="left" bgcolor="#2b302d">
                                    <table cellspacing="0" cellpadding="10" width="100%" border="0">
                                        <tbody>
                                            <tr>
                                                <td valign="top" align="left" style="font-size: 11px; color: #ffffff; font-family: Verdana, Arial, Helvetica, sans-serif"><b>Smart CMS</b><br />
                                                Flat No 202, Sri Sai Nivas, Musapet, Hyderabad - 500 018. (AP) India<br />
                                                Phone: (91)&nbsp;90308 96549</td>
                                            </tr>
                                        </tbody>
                                    </table>
                                    </td>
                                </tr>
                            </tbody>
                        </table>
                        </td>
                    </tr>
                </tbody>
            </table>
            </td>
        </tr>
    </tbody>
</table>


			]]>
		</Html>
	</Template>
	<Template title="Text and Table" image="template3.gif">
		<Description>A title with some text and a table.</Description>
		<Html>
			<![CDATA[
				<table align="left" width="80%" border="0" cellspacing="0" cellpadding="0"><tr><td>
					<h3>Title goes here</h3>
					<p>
					<table style="FLOAT: right" cellspacing="0" cellpadding="0" width="150" border="1">
						<tbody>
							<tr>
								<td align="center" colspan="3"><strong>Table title</strong></td>
							</tr>
							<tr>
								<td>&nbsp;</td>
								<td>&nbsp;</td>
								<td>&nbsp;</td>
							</tr>
							<tr>
								<td>&nbsp;</td>
								<td>&nbsp;</td>
								<td>&nbsp;</td>
							</tr>
							<tr>
								<td>&nbsp;</td>
								<td>&nbsp;</td>
								<td>&nbsp;</td>
							</tr>
							<tr>
								<td>&nbsp;</td>
								<td>&nbsp;</td>
								<td>&nbsp;</td>
							</tr>
						</tbody>
					</table>
					Type the text here</p>
				</td></tr></table>
			]]>
		</Html>
	</Template>
</Templates>
