<?xml version="1.0" encoding="UTF-8"?>
<ti:app xmlns:ti="http://ti.appcelerator.org">
    <sdk-version>1.1.0</sdk-version>
    <guid>bdaf91d3-dee7-4168-8a44-5ac2cdb3bdcc</guid>
    <!-- These values are edited/maintained by Titanium Developer -->
    <id>wp-appliance-commander</id>
    <name>WP-Appliance-Commander</name>
    <version>1.0</version>
    <publisher>mrdavidlaing</publisher>
    <url>http://github.com/mrdavidlaing/wp-appliance-commander</url>
    <description>A console for Wordpress-Appliances</description>
    <icon>default_app_logo.png</icon>
    <copyright>2011 by mrdavidlaing</copyright>
    <!-- Window Definition - these values can be edited -->
    <window>
        <id>initial</id>
        <title>DeskTest</title>
        <url>app://index.html</url>
        <width>700</width>
        <max-width>3000</max-width>
        <min-width>0</min-width>
        <height>500</height>
        <max-height>3000</max-height>
        <min-height>0</min-height>
        <fullscreen>false</fullscreen>
        <resizable>true</resizable>
        <chrome scrollbars="true">true</chrome>
        <maximizable>true</maximizable>
        <minimizable>true</minimizable>
        <closeable>true</closeable>
    </window>
</ti:app>
